pedido;dataVencimento;cliente;email;telefone;produto;cpf;cnpj;razaoSocial
386759;01/05/24;Eugenio Cervantes de Arantes;mailreceiverjafs@gmail.com;(82) 92225-8155;Certificado eCNPJ A1;24828122249;43394746000130;Eugenio Cervantes de Arantes
513571;11/05/24;Elisete Flavia Aragao Cordeiro da Paixao;mailreceiverjafs@gmail.com;(82) 92528-9771;Certificado eCNPJ A1;63344429370;11738158000180;Elisete Flavia Aragao Cordeiro da Paixao
704282;29/05/24;Eleriane Vanda Cordeiro Solano de Moura;mailreceiverjafs@gmail.com;(82) 93158-2582;Certificado eCNPJ A1;25724457270;5776756000140;Eleriane Vanda Cordeiro Solano de Moura
833630;04/04/24;Jacomo Cortes de Rezende;mailreceiverjafs@gmail.com;(82) 92553-6566;Certificado eCNPJ A1;87725656839;43653826000162;Jacomo Cortes de Rezende
399149;29/06/24;Altair Edu de Fontes;mailreceiverjafs@gmail.com;(82) 92230-2139;Certificado eCNPJ A1;75376160602;48496365000185;Altair Edu de Fontes
851070;17/06/24;Karl Roberto de Brito;mailreceiverjafs@gmail.com;(82) 93894-3634;Certificado eCNPJ A1;35745914467;52543658000143;Karl Roberto de Brito
262915;01/06/24;Bete D'avila Godoi;mailreceiverjafs@gmail.com;(82) 93195-5642;Certificado eCNPJ A1;21653458984;11334458000101;Bete D'avila Godoi
966689;17/04/24;Carolina Amelia de Burgos;mailreceiverjafs@gmail.com;(82) 93437-2772;Certificado eCNPJ A1;52440781517;6277315000167;Carolina Amelia de Burgos
271001;19/05/24;Daniela Zulmira Feliciano Verdugo da Silva;mailreceiverjafs@gmail.com;(82) 92983-6901;Certificado eCNPJ A1;83812215365;48204123000170;Daniela Zulmira Feliciano Verdugo da Silva
461695;13/06/24;Maria Marinho Maia;mailreceiverjafs@gmail.com;(82) 93173-3530;Certificado eCNPJ A1;31226138403;64712353000105;Maria Marinho Maia
763733;14/05/24;Julia Furtado Rosa;mailreceiverjafs@gmail.com;(82) 93101-5766;Certificado eCNPJ A1;37653377815;74073363000193;Julia Furtado Rosa
709143;26/05/24;Martinho Mariano Cortes Jimenes Maciel;mailreceiverjafs@gmail.com;(82) 92873-7478;Certificado eCNPJ A1;36483376294;36554423000109;Martinho Mariano Cortes Jimenes Maciel
840641;17/06/24;Clara Matilde Fidalgo de Pereira;mailreceiverjafs@gmail.com;(82) 92577-4458;Certificado eCNPJ A1;65119369294;43225260000178;Clara Matilde Fidalgo de Pereira
122952;22/05/24;Leandro Leonardo Garcia Pontes de Palhares;mailreceiverjafs@gmail.com;(82) 92058-4246;Certificado eCNPJ A1;72234238382;34032274000184;Leandro Leonardo Garcia Pontes de Palhares
524857;22/04/24;Clara Martines Maia;mailreceiverjafs@gmail.com;(82) 92848-1587;Certificado eCNPJ A1;83331584398;44314957000188;Clara Martines Maia
399784;26/05/24;Emilio Grego de Madeira;mailreceiverjafs@gmail.com;(82) 92889-7281;Certificado eCNPJ A1;33275281526;81442514000107;Emilio Grego de Madeira
619750;02/05/24;Amalia Larissa Galindo Maia;mailreceiverjafs@gmail.com;(82) 92319-2824;Certificado eCNPJ A1;25025972183;62340382000150;Amalia Larissa Galindo Maia
563978;21/06/24;Eleonora Evelyn de Dominato;mailreceiverjafs@gmail.com;(82) 93162-1153;Certificado eCNPJ A1;44155266245;49411087000189;Eleonora Evelyn de Dominato
877810;12/06/24;Rosana Yeda Ferminiano de Serra;mailreceiverjafs@gmail.com;(82) 93488-1536;Certificado eCNPJ A1;87351702632;78383236000141;Rosana Yeda Ferminiano de Serra
342638;22/04/24;Agustina Felicia Carrara de Malta;mailreceiverjafs@gmail.com;(82) 92135-8896;Certificado eCNPJ A1;33823307258;70415466000133;Agustina Felicia Carrara de Malta
466497;24/06/24;Oseas Ferraz Jangada;mailreceiverjafs@gmail.com;(82) 92541-3682;Certificado eCNPJ A1;3166469540;95264034000108;Oseas Ferraz Jangada
604652;06/04/24;Helder Dias Neto;mailreceiverjafs@gmail.com;(82) 93716-4309;Certificado eCNPJ A1;35143951526;17533001000102;Helder Dias Neto
605544;30/06/24;Barnabe Tomaz Ferreira Madeira;mailreceiverjafs@gmail.com;(82) 93703-6867;Certificado eCNPJ A1;93923454457;11868577000136;Barnabe Tomaz Ferreira Madeira
385793;10/06/24;Antonieta Valentina Dominato Franco de Matos;mailreceiverjafs@gmail.com;(82) 92712-2053;Certificado eCNPJ A1;75130478126;78526620000156;Antonieta Valentina Dominato Franco de Matos
913493;17/05/24;Clara Mares de Holanda;mailreceiverjafs@gmail.com;(82) 93793-5582;Certificado eCNPJ A1;13842388403;63297374000130;Clara Mares de Holanda
976942;07/05/24;Ashley Samila Barreto Faro de Arruda;mailreceiverjafs@gmail.com;(82) 92268-7067;Certificado eCNPJ A1;51083468405;65017783000161;Ashley Samila Barreto Faro de Arruda
717651;23/06/24;Marina Colaco Espada;mailreceiverjafs@gmail.com;(82) 92468-2992;Certificado eCNPJ A1;35764258880;40374677000104;Marina Colaco Espada
981073;21/04/24;Boris Hilton Azevedo Gil do Amaral;mailreceiverjafs@gmail.com;(82) 93742-8674;Certificado eCNPJ A1;74181344797;39382776000159;Boris Hilton Azevedo Gil do Amaral
518015;05/05/24;Luara Faro Marques;mailreceiverjafs@gmail.com;(82) 93385-4514;Certificado eCNPJ A1;75843785360;84232365000131;Luara Faro Marques
142168;20/06/24;Jose Colaco de Tamoio;mailreceiverjafs@gmail.com;(82) 92319-4246;Certificado eCNPJ A1;77674356795;72445482000102;Jose Colaco de Tamoio
331036;06/04/24;Thiago Campos;mailreceiverjafs@gmail.com;(82) 93675-8789;Certificado eCNPJ A1;26533861433;72674705000103;Thiago Campos
352123;24/04/24;Amalia Delvalle de Escobar;mailreceiverjafs@gmail.com;(82) 92761-1783;Certificado eCNPJ A1;31883843278;22748871000120;Amalia Delvalle de Escobar
871360;10/05/24;Simon Pablo Fernandes de Quintana;mailreceiverjafs@gmail.com;(82) 92528-4138;Certificado eCNPJ A1;69255741420;96685149000120;Simon Pablo Fernandes de Quintana
204138;15/04/24;Aldo Artur Faro de Pedrosa;mailreceiverjafs@gmail.com;(82) 93471-3112;Certificado eCNPJ A1;62640763334;17051637000100;Aldo Artur Faro de Pedrosa
795425;30/04/24;Francielle Hellen Avila de Marinho;mailreceiverjafs@gmail.com;(82) 92560-9502;Certificado eCNPJ A1;76674178225;58568167000133;Francielle Hellen Avila de Marinho
528978;19/06/24;Clara Espinoza de Valencia;mailreceiverjafs@gmail.com;(82) 92251-3254;Certificado eCNPJ A1;45258151247;80853246000145;Clara Espinoza de Valencia
561773;14/04/24;Catarina Jeniffer Barreto Martines de Brandao;mailreceiverjafs@gmail.com;(82) 93378-9863;Certificado eCNPJ A1;58760915536;62631545000153;Catarina Jeniffer Barreto Martines de Brandao
104661;21/06/24;Amanda Margarete Delatorre de Grego;mailreceiverjafs@gmail.com;(82) 92874-6077;Certificado eCNPJ A1;8674659217;64658571000109;Amanda Margarete Delatorre de Grego
769507;01/06/24;Ayrton Faro de Ortega;mailreceiverjafs@gmail.com;(82) 93434-5880;Certificado eCNPJ A1;26548764110;52228933000134;Ayrton Faro de Ortega
682098;19/05/24;Cibele Yasmin Escobar Molina de Fraga;mailreceiverjafs@gmail.com;(82) 92430-1265;Certificado eCNPJ A1;48821363171;82418045000145;Cibele Yasmin Escobar Molina de Fraga
494146;20/04/24;Aaron Marin Neto;mailreceiverjafs@gmail.com;(82) 92093-5786;Certificado eCNPJ A1;16846662448;25024217000162;Aaron Marin Neto
666529;21/04/24;Guilherme Charles Cruz de Godoi;mailreceiverjafs@gmail.com;(82) 93356-8012;Certificado eCNPJ A1;85358894500;4157416000179;Guilherme Charles Cruz de Godoi
625955;11/04/24;Francisco Rivaldo Duarte de Torres;mailreceiverjafs@gmail.com;(82) 92021-0372;Certificado eCNPJ A1;53479322360;38235747000100;Francisco Rivaldo Duarte de Torres
983653;12/04/24;Renata Rosana Lutero Camara;mailreceiverjafs@gmail.com;(82) 93535-9660;Certificado eCNPJ A1;98455406780;27886125000117;Renata Rosana Lutero Camara
409445;11/05/24;Pedro Barreto de Ortiz;mailreceiverjafs@gmail.com;(82) 92682-8380;Certificado eCNPJ A1;62528132140;44028223000132;Pedro Barreto de Ortiz
348038;18/06/24;Manuela Delatorre das Neves;mailreceiverjafs@gmail.com;(82) 93636-6392;Certificado eCNPJ A1;87592262932;93817436000159;Manuela Delatorre das Neves
730891;27/05/24;Sergio Fernandes;mailreceiverjafs@gmail.com;(82) 92642-4757;Certificado eCNPJ A1;47613588408;23285114000120;Sergio Fernandes
184895;01/05/24;Alessandra Matilde Assuncao de Godoi;mailreceiverjafs@gmail.com;(82) 92237-0537;Certificado eCNPJ A1;81185585257;38732423000179;Alessandra Matilde Assuncao de Godoi
597337;07/05/24;Malena Balestero de Batista;mailreceiverjafs@gmail.com;(82) 92186-7663;Certificado eCNPJ A1;74144598888;27729555000125;Malena Balestero de Batista
227831;06/06/24;Gabriela Michele de Pena;mailreceiverjafs@gmail.com;(82) 92045-1217;Certificado eCNPJ A1;19142419247;32377343000166;Gabriela Michele de Pena
226799;31/05/24;Hernani Wagner de Bonilha;mailreceiverjafs@gmail.com;(82) 93891-2239;Certificado eCNPJ A1;83211771824;24056273000116;Hernani Wagner de Bonilha
921444;08/04/24;Adilson Camacho Negrao;mailreceiverjafs@gmail.com;(82) 93785-3828;Certificado eCNPJ A1;49337413361;24284735000152;Adilson Camacho Negrao
612123;19/04/24;Flavia Veronica Goncalves Santiago de Fonseca;mailreceiverjafs@gmail.com;(82) 92464-9552;Certificado eCNPJ A1;28928448786;25690101000162;Flavia Veronica Goncalves Santiago de Fonseca
565510;19/05/24;Adrielle Tatiana de Bonilha;mailreceiverjafs@gmail.com;(82) 92242-8148;Certificado eCNPJ A1;31002635616;33657187000150;Adrielle Tatiana de Bonilha
416591;12/04/24;Joaquim Leopoldo de Padilha;mailreceiverjafs@gmail.com;(82) 93556-7776;Certificado eCNPJ A1;48851514496;29150712000179;Joaquim Leopoldo de Padilha
213766;09/04/24;Demian Lucas Maia de Montenegro;mailreceiverjafs@gmail.com;(82) 93462-7030;Certificado eCNPJ A1;8326702196;47263849000111;Demian Lucas Maia de Montenegro
254398;10/06/24;Fabiano Jason Barros Neto;mailreceiverjafs@gmail.com;(82) 93522-4795;Certificado eCNPJ A1;48199214872;65825323000160;Fabiano Jason Barros Neto
340134;24/06/24;Benjamin Manuel Azevedo Filho;mailreceiverjafs@gmail.com;(82) 92556-7589;Certificado eCNPJ A1;11437162649;85381088000191;Benjamin Manuel Azevedo Filho
574449;01/06/24;Diego Brito de Duarte;mailreceiverjafs@gmail.com;(82) 93631-9717;Certificado eCNPJ A1;62696661472;28534983000165;Diego Brito de Duarte
758325;13/04/24;Augusto Mario Colaco do Rio;mailreceiverjafs@gmail.com;(82) 92834-2369;Certificado eCNPJ A1;75819378792;77721776000125;Augusto Mario Colaco do Rio
470470;28/06/24;Fabio Paulo de Aranda;mailreceiverjafs@gmail.com;(82) 93573-6193;Certificado eCNPJ A1;75943253114;4507227000189;Fabio Paulo de Aranda
764576;12/05/24;Cleberson Delvalle Jimenes;mailreceiverjafs@gmail.com;(82) 92227-8326;Certificado eCNPJ A1;25161237600;31046075000137;Cleberson Delvalle Jimenes
647070;18/05/24;Cristovao Eliel Oliveira Padilha;mailreceiverjafs@gmail.com;(82) 92356-4145;Certificado eCNPJ A1;60972365494;31158868000148;Cristovao Eliel Oliveira Padilha
103771;28/05/24;Isabel Nicole Branco Couto;mailreceiverjafs@gmail.com;(82) 92589-6552;Certificado eCNPJ A1;14745714335;23888487000196;Isabel Nicole Branco Couto
504830;22/05/24;Christopher Natal Azevedo Teles;mailreceiverjafs@gmail.com;(82) 93932-5582;Certificado eCNPJ A1;97686533883;3951144000111;Christopher Natal Azevedo Teles
462698;18/06/24;Moacyr Grego de Perez;mailreceiverjafs@gmail.com;(82) 93264-9278;Certificado eCNPJ A1;24733338821;15688385000107;Moacyr Grego de Perez
411905;04/05/24;Gustavo Grego de Amorim;mailreceiverjafs@gmail.com;(82) 93572-6844;Certificado eCNPJ A1;71738875423;37451482000106;Gustavo Grego de Amorim
610470;29/04/24;Ashley Pontes de Nogueira;mailreceiverjafs@gmail.com;(82) 92124-2468;Certificado eCNPJ A1;2698813288;35165111000132;Ashley Pontes de Nogueira
341811;07/06/24;Jeronimo Marcelo de Franco Sobrinho;mailreceiverjafs@gmail.com;(82) 92284-3236;Certificado eCNPJ A1;61847822401;10825910000167;Jeronimo Marcelo de Franco Sobrinho
466170;15/06/24;Lana Terezinha Bezerra;mailreceiverjafs@gmail.com;(82) 92562-5324;Certificado eCNPJ A1;96533015869;24552606000106;Lana Terezinha Bezerra
139837;12/05/24;Isaac Padilha;mailreceiverjafs@gmail.com;(82) 93809-2409;Certificado eCNPJ A1;12744138851;92841465000193;Isaac Padilha
466546;21/04/24;Ivan Aragao de Ramos;mailreceiverjafs@gmail.com;(82) 92771-5418;Certificado eCNPJ A1;29231771345;56264561000152;Ivan Aragao de Ramos
201288;23/06/24;Alana Nayara Ferreira de Miranda;mailreceiverjafs@gmail.com;(82) 93140-7428;Certificado eCNPJ A1;53345747197;40180678000118;Alana Nayara Ferreira de Miranda
102631;09/04/24;Paulo Itamar Caldeira Saraiva de Alvarenga;mailreceiverjafs@gmail.com;(82) 92837-1283;Certificado eCNPJ A1;52723207277;72554267000131;Paulo Itamar Caldeira Saraiva de Alvarenga
490971;12/06/24;Silvana Leal de Serrano;mailreceiverjafs@gmail.com;(82) 93989-8771;Certificado eCNPJ A1;37882650781;34538312000175;Silvana Leal de Serrano
877906;15/06/24;Nelson Tomaz Mendes Pereira Castelo;mailreceiverjafs@gmail.com;(82) 93263-5312;Certificado eCNPJ A1;76655956773;42512332000103;Nelson Tomaz Mendes Pereira Castelo
962755;02/04/24;Francisco Moacyr Gomes Quintana;mailreceiverjafs@gmail.com;(82) 93561-6152;Certificado eCPF A1;71887520449;;
683724;03/04/24;Isaias Roberto de Aragao Jr.;mailreceiverjafs@gmail.com;(82) 93465-0744;Certificado eCPF A1;86187357876;;
580498;05/04/24;Bruna Eliane Benites Cordeiro;mailreceiverjafs@gmail.com;(82) 92577-3587;Certificado eCPF A1;54137723354;;
500912;10/04/24;Jessica Suely de Avila;mailreceiverjafs@gmail.com;(82) 92443-8363;Certificado eCPF A1;51733847359;;
494574;15/04/24;Ediane Rico;mailreceiverjafs@gmail.com;(82) 93752-5863;Certificado eCPF A1;71485464862;;
772465;21/04/24;Aurelio Medina de Montenegro;mailreceiverjafs@gmail.com;(82) 93745-1359;Certificado eCPF A1;73318491667;;
783536;24/04/24;Genir Hellen Feliciano de Fidalgo;mailreceiverjafs@gmail.com;(82) 93547-3634;Certificado eCPF A1;8374635304;;
484615;25/04/24;Joaquin Leo de Gusmao Jr.;mailreceiverjafs@gmail.com;(82) 93225-6781;Certificado eCPF A1;85340777383;;
791803;29/04/24;Marcielle Taina Montenegro;mailreceiverjafs@gmail.com;(82) 93763-2304;Certificado eCPF A1;48146610617;;
562871;03/05/24;Evandro Benedito Franco Pontes de Albuquerque;mailreceiverjafs@gmail.com;(82) 92667-3527;Certificado eCPF A1;56731483800;;
442241;04/05/24;Hugo Wagner Padrao Filho;mailreceiverjafs@gmail.com;(82) 92173-3241;Certificado eCPF A1;77535432964;;
477484;06/05/24;Benjamin Salazar Valencia;mailreceiverjafs@gmail.com;(82) 92565-1138;Certificado eCPF A1;87652632609;;
504312;06/05/24;Lucas Aranda de Palhares;mailreceiverjafs@gmail.com;(82) 92135-5853;Certificado eCPF A1;3861073196;;
582740;08/05/24;Aloisio Aranda de Maia;mailreceiverjafs@gmail.com;(82) 92451-3445;Certificado eCPF A1;84745844697;;
952343;21/05/24;Aline Duarte Garcia;mailreceiverjafs@gmail.com;(82) 93251-6144;Certificado eCPF A1;88464506120;;
181371;22/05/24;Melissa Sara Lozano;mailreceiverjafs@gmail.com;(82) 93689-8255;Certificado eCPF A1;81898724270;;
916440;30/05/24;Quesia Sara Espinoza de Godoi;mailreceiverjafs@gmail.com;(82) 93171-9712;Certificado eCPF A1;12888322498;;
987693;10/06/24;Israel Rios Sobrinho;mailreceiverjafs@gmail.com;(82) 93476-7875;Certificado eCPF A1;57540658177;;
796302;12/06/24;Marco Mike Casanova de Cordeiro;mailreceiverjafs@gmail.com;(82) 92645-0697;Certificado eCPF A1;71985152584;;
459906;14/06/24;Amarildo Kevin Benites Filho;mailreceiverjafs@gmail.com;(82) 92772-9973;Certificado eCPF A1;57775518740;;
649960;17/06/24;Mario Matheus Casanova Marques Fortes;mailreceiverjafs@gmail.com;(82) 93814-4454;Certificado eCPF A1;16748307180;;
947296;21/06/24;Bianca Otavia Madeira de Brito;mailreceiverjafs@gmail.com;(82) 92571-2335;Certificado eCPF A1;33447403004;;
530181;26/06/24;Samuel Davi Benites de Fidalgo;mailreceiverjafs@gmail.com;(82) 93750-9465;Certificado eCPF A1;48486592720;;